[
    {
        "name": "projects/359609929204/installations/cLaJFN9-sWIgmVwfxdSb_W",
        "fid": "cLaJFN9-sWIgmVwfxdSb_W",
        "refreshToken": "3_AS3qfwJj3LfqiS-JG_X0l9GsLnJRUN0QVhNVTXnqpMUeS7XYgMRPrD_OM9HY8U8_rsMQA0Mg-vYRYl4egjm1F9WaKCO1uS8I7GhYA4uBGXHjSQo",
        "authToken": {
            "token": "eyJhbGciOiJFUzI1NiIsInR5cCI6IkpXVCJ9.eyJhcHBJZCI6IjE6MzU5NjA5OTI5MjA0OmlvczoyZmQ1YmEzYmQ4N2M2NWYwZDJmZGExIiwiZXhwIjoxNjg5MDk0MDY1LCJmaWQiOiJjTGFKRk45LXNXSWdtVndmeGRTYl9XIiwicHJvamVjdE51bWJlciI6MzU5NjA5OTI5MjA0fQ.AB2LPV8wRAIgTO_6FDc8a5F70XC4Y9FER5mknLLrLO_mP7aXTNsZJmUCIFpKeayeBYgL-VnoNVxvb_7o-fNtFg6yOLLj2PPSDb11",
            "expiresIn": "604800s"
        }
    }
]